doctor_id,potential_segment,region,revenue,calls,prescriptions,revenue_per_call
D0188,High,North,1329597.88,163,1237,8157.042208588957
D0176,High,East,1056824.16,169,1264,6253.397396449704
D0182,High,North,1726463.79,170,1145,10155.669352941177
D0231,High,East,1831148.8,171,1172,10708.472514619883
D0146,High,South,2265700.39,171,1284,13249.709883040936
D0002,High,South,2206453.5,172,1233,12828.218023255815
D0089,High,East,992613.03,174,1240,5704.672586206897
D0048,High,Central,2026640.07,174,1306,11647.356724137931
D0009,High,East,2180761.38,174,1245,12533.111379310345
D0163,High,East,1961193.28,175,1292,11206.818742857144
D0181,High,North,1884009.2,177,1242,10644.119774011298
D0022,High,West,1895209.93,178,1238,10647.246797752809
D0049,High,West,1439080.0,180,1294,7994.888888888889
D0052,High,East,1285344.24,181,1196,7101.349392265193
D0216,High,North,1699143.1,181,1246,9387.530939226519
D0220,High,South,2184845.48,181,1249,12070.969502762431
D0282,High,Central,2299487.61,182,1278,12634.547307692306
D0126,High,South,1798165.63,183,1162,9826.041693989071
D0128,High,Central,1397740.67,184,1258,7596.416684782608
D0092,High,South,1619081.28,184,1212,8799.354782608696
D0271,High,North,1911943.8900000001,184,1269,10390.999402173913
D0221,High,South,1773867.54,185,1287,9588.47318918919
D0197,High,Central,1938289.43,186,1273,10420.910913978494
D0222,High,West,2382863.22,186,1345,12811.092580645163
D0003,High,West,1627168.41,187,1188,8701.435347593582
D0247,High,West,2217979.09,189,1272,11735.3391005291
D0286,High,South,1731111.3900000001,190,1295,9111.11257894737
D0212,High,West,1877693.85,190,1349,9882.599210526316
D0250,High,South,1997192.1,190,1290,10511.537368421054
D0344,High,West,1132953.31,191,1299,5931.692722513089
